Model,CV F1-Macro (mean),CV F1-Macro (std),Test Accuracy,Test F1-Macro,Test Precision-Macro,Test Recall-Macro,Test ROC-AUC (OvR)
Decision Tree,0.5268032448299366,0.002069708949143422,0.7868448098663926,0.5216078191625007,0.5350968608400721,0.6067778479252928,0.8115985276054998
Random Forest,0.5497063487865994,0.0018763479030692977,0.915262076053443,0.5491192665237847,0.5332038135578715,0.5729562451646179,0.9227979217172351
XGBoost,0.5484923661214054,0.0017717210414483415,0.9151593011305241,0.5481640006642559,0.532015958348683,0.5721728343658629,0.9282796585999258
